frameIndex,box2d.x1,box2d.x2,box2d.y1,box2d.y2
0,0.0,223.0320699708455,544.7230320699708,718.9504373177843
0,1144.8275862068965,1278.8921282798835,482.798833819242,689.6551724137931
0,846.4723032069971,1244.256559766764,350.55393586005835,561.5160349854227
0,759.3586005830904,890.5539358600583,326.8023952095808,414.5772594752187
0,729.9708454810497,791.8950437317785,318.01749271137027,387.28862973760937
0,291.25364431486884,444.48979591836735,300.17492711370267,356.8513119533528
0,114.92711370262391,170.55393586005832,289.6793002915452,354.7521865889213
0,680.8263310556634,719.9999999999999,314.7957978209118,360.43113772455087
0,445.5393586005831,525.3061224489796,318.01749271137027,355.80174927113706
1,0.0,221.98250728862976,551.0204081632653,718.9504373177843
1,1141.399416909621,1278.8921282798835,485.94752186588926,699.0087463556852
1,845.4227405247814,1250.5539358600583,347.930029154519,564.66472303207
1,759.3586005830904,890.5539358600583,325.5586320071228,414.57725947521874
1,729.9708454810497,790.8454810495627,318.01749271137027,387.28862973760937
1,291.25364431486884,443.4402332361517,300.17492711370267,360.0
1,114.92711370262391,170.55393586005832,291.7784256559767,354.7521865889213
1,679.7151244938631,718.4256559766762,313.42071652589453,360.6372793771058
1,439.24198250728864,525.3061224489796,318.01749271137027,355.80174927113706
2,0.0,189.4460641399417,570.9620991253645,718.9504373177843
2,1152.9446064139945,1278.8921282798835,500.6413994169096,692.7113702623907
2,847.5218658892129,1256.851311953353,345.30612244897964,567.8134110787172
2,759.3586005830904,890.5539358600583,324.31486880466474,414.5772594752187
2,729.9708454810497,789.795918367347,318.01749271137027,387.28862973760937
2,284.9562682215744,439.24198250728864,299.1253644314869,360.0
2,94.98542274052478,168.45481049562684,293.8775510204082,362.09912536443153
2,678.6039179320628,716.8513119533528,312.04563523087734,360.8434210296608
2,439.24198250728864,522.1574344023323,315.9183673469388,355.80174927113706
3,0.0,178.95043731778426,581.4577259475219,718.9504373177843
3,1158.1924198250729,1278.8921282798835,500.6413994169096,692.7113702623907
3,848.5714285714287,1263.1486880466473,345.30612244897964,569.9125364431487
3,758.8338192419826,890.5539358600583,324.31486880466474,414.5772594752187
3,729.9708454810497,789.795918367347,318.01749271137027,384.1399416909621
3,284.9562682215744,439.24198250728864,299.1253644314869,354.7521865889213
3,88.68804664723032,162.15743440233237,293.8775510204082,357.9008746355685
3,677.4927113702624,715.2769679300292,310.6705539358601,361.04956268221576
3,439.24198250728864,522.1574344023323,315.9183673469388,355.80174927113706
4,0.0,178.95043731778426,595.1020408163266,718.9504373177843
4,1161.865889212828,1278.8921282798835,504.8396501457726,692.7113702623907
4,848.5714285714287,1267.3469387755104,345.30612244897964,569.9125364431487
4,758.3090379008747,890.5539358600583,324.31486880466474,414.5772594752187
4,729.9708454810497,789.795918367347,318.01749271137027,384.1399416909621
4,284.9562682215744,439.7667638483965,299.1253644314869,356.8513119533528
4,82.39067055393586,154.81049562682216,293.8775510204082,357.9008746355685
4,678.5422740524782,711.2075983717774,310.6705539358601,355.6037991858887
4,439.24198250728864,522.1574344023323,315.9183673469388,355.80174927113706
5,0.0,164.25655976676387,604.5481049562683,718.9504373177843
5,1165.5393586005832,1278.8921282798835,509.0379008746356,692.7113702623907
5,849.6209912536443,1267.3469387755104,345.30612244897964,572.0116618075803
5,758.3090379008747,888.4548104956268,324.31486880466474,414.5772594752187
5,728.9212827988339,789.795918367347,318.01749271137027,384.1399416909621
5,284.9562682215744,440.2915451895044,299.1253644314869,358.9504373177843
5,73.99416909620992,154.81049562682216,293.8775510204082,353.7026239067056
5,679.591836734694,715.2769679300292,310.6705539358601,361.04956268221576
5,439.24198250728864,522.1574344023323,315.9183673469388,355.80174927113706
6,0.0,161.10787172011663,609.795918367347,718.9504373177843
6,1173.9358600583091,1278.8921282798835,512.1865889212828,692.7113702623907
6,851.7201166180758,1272.594752186589,348.4548104956268,577.259475218659
6,758.3090379008747,886.3556851311954,324.31486880466474,414.5772594752187
6,728.9212827988339,787.6967930029155,318.01749271137027,384.1399416909621
6,297.5510204081633,441.34110787172017,299.1253644314869,358.9504373177843
6,77.14285714285715,152.7113702623907,293.8775510204082,353.7026239067056
6,674.3440233236151,718.4256559766765,310.6705539358601,361.04956268221576
6,439.24198250728864,516.9096209912536,315.9183673469388,355.80174927113706
7,0.0,142.21574344023324,611.8950437317785,718.9504373177843
7,1181.2827988338192,1278.8921282798835,518.4839650145773,692.7113702623907
7,852.7696793002916,1276.793002915452,348.4548104956268,577.259475218659
7,755.1603498542274,881.1078717201167,324.31486880466474,414.5772594752187
7,727.8717201166181,787.6967930029155,318.01749271137027,384.1399416909621
7,297.5510204081633,440.2915451895044,302.27405247813414,358.9504373177843
7,83.44023323615161,152.7113702623907,298.07580174927114,353.7026239067056
7,674.3440233236151,720.5247813411079,310.6705539358601,364.198250728863
7,435.0437317784257,516.9096209912536,315.9183673469388,355.80174927113706
8,0.0,130.67055393586006,616.0932944606415,718.9504373177843
8,1186.530612244898,1278.8921282798835,521.6326530612246,692.7113702623907
8,849.6209912536443,1276.793002915452,348.4548104956268,579.3586005830904
8,755.1603498542274,879.0087463556852,325.36443148688045,414.5772594752186
8,726.8221574344024,787.6967930029155,318.01749271137027,384.1399416909621
8,294.4023323615161,440.2915451895044,302.27405247813414,358.9504373177843
8,87.63848396501459,150.6122448979592,298.07580174927114,355.80174927113706
8,678.2089552238806,712.944369063772,315.6580732700136,353.86702849389417
8,435.0437317784257,511.661807580175,315.9183673469388,355.80174927113706
9,0.0,119.12536443148689,621.3411078717202,718.9504373177843
9,1192.8279883381924,1278.8921282798835,526.8804664723033,692.7113702623907
9,851.7201166180758,1276.793002915452,347.93002915451893,581.4577259475219
9,755.1603498542274,876.9096209912537,326.4139941690962,414.5772594752187
9,726.8221574344024,787.6967930029155,319.06705539358603,384.1399416909621
9,289.1545189504373,436.0932944606414,302.27405247813414,358.9504373177843
9,97.08454810495628,146.4139941690962,298.07580174927114,352.6530612244898
9,675.6037991858888,720.5247813411079,310.44776119402985,358.9504373177843
9,430.8454810495627,511.661807580175,315.9183673469388,357.9008746355685
10,0.0,98.13411078717202,640.2332361516036,718.9504373177843
10,1198.0758017492712,1278.8921282798835,539.4752186588921,692.7113702623907
10,848.5714285714287,1276.793002915452,347.4052478134111,583.5568513119534
10,755.1603498542274,876.9096209912537,326.4139941690962,418.7755102040817
10,725.7725947521866,784.5481049562683,321.1661807580175,384.1399416909621
10,282.8571428571429,436.0932944606414,302.27405247813414,358.9504373177843
10,100.2332361516035,146.4139941690962,304.3731778425656,348.4548104956268
10,675.3935860058309,720.5247813411079,308.5714285714286,362.09912536443153
10,431.89504373177846,511.661807580175,315.9183673469388,357.9008746355685
6,363.6734693877551,386.7638483965015,173.17784256559767,184.72303206997088
7,175.80174927113703,302.798833819242,237.20116618075804,316.96793002915456
7,271.3119533527697,325.8892128279884,231.95335276967933,268.68804664723035
7,262.91545189504376,311.195335276968,228.8046647230321,238.25072886297377
7,298.600583090379,436.0932944606414,217.2594752186589,321.1661807580175
7,415.10204081632656,472.8279883381924,225.65597667638485,291.7784256559767
7,435.0437317784257,494.8688046647231,210.96209912536443,274.9854227405248
7,187.3469387755102,245.0728862973761,235.1020408163265,265.5393586005831
7,515.6871329742377,548.011545099445,166.8125808454774,175.90494040229098
7,486.47230320699714,512.7113702623907,220.4081632653061,242.44897959183675
7,523.1286324594506,542.842119528235,217.80999127217933,238.96592861428945
7,544.1982507288631,575.6851311953353,213.061224489796,228.8046647230321
7,548.9653977813632,571.4181498796039,224.3811536284408,237.70058283926147
7,390.9620991253644,431.89504373177846,168.9795918367347,182.62390670553933
7,363.6734693877551,404.6064139941692,173.17784256559767,186.8221574344024
8,176.8513119533528,302.798833819242,236.1516034985423,316.96793002915456
8,271.3119533527697,327.98833819241986,231.95335276967933,270.7871720116618
8,262.91545189504376,306.99708454810497,228.8046647230321,239.3002915451895
8,298.600583090379,437.1428571428572,217.2594752186589,324.31486880466474
8,415.10204081632656,471.7784256559767,225.65597667638485,291.7784256559767
8,435.0437317784257,494.8688046647231,210.96209912536443,273.93586005830906
8,194.6938775510204,251.37026239067052,235.1020408163265,263.44023323615164
8,527.6432278245358,561.2921175229798,166.8125808454774,175.40378672593118
8,484.3731778425656,510.6122448979592,221.45772594752188,245.597667638484
8,522.0296227273927,542.842119528235,217.80999127217933,239.034616722543
8,542.0991253644315,575.6851311953353,212.0116618075802,228.8046647230321
9,486.5865588685331,511.661807580175,222.61815884993163,244.54810495626825
9,519.0087463556852,540.0,216.2099125364432,240.34985422740527
9,543.1486880466473,575.6851311953353,212.0116618075802,228.8046647230321
9,548.5848426610542,570.8326804637437,224.3811536284408,238.2860522551217
9,420.3498542274053,464.4314868804665,166.88046647230323,181.5743440233236
9,383.6151603498543,431.89504373177846,172.12827988338194,185.7725947521866
10,177.90087463556853,301.74927113702626,238.25072886297377,315.9183673469388
10,271.3119533527697,326.9387755102041,231.95335276967933,272.8862973760933
10,262.91545189504376,308.0466472303208,228.8046647230321,239.3002915451895
10,298.600583090379,437.1428571428572,217.2594752186589,324.31486880466474
10,415.10204081632656,473.8775510204082,225.65597667638485,291.7784256559767
10,435.0437317784257,493.8192419825073,210.96209912536443,273.93586005830906
10,206.2390670553936,260.8163265306123,235.1020408163265,245.597667638484
10,547.2598145849053,586.34980134097,166.23950910023925,175.15320988775127
10,484.803389820229,507.261679452868,222.08559418860088,243.77409619204172
10,522.0919248663984,541.1979141614296,216.81144373926804,238.4095185945208
10,543.1486880466473,575.6851311953353,212.0116618075802,228.8046647230321
10,548.9653977813632,570.8326804637437,223.15166785513424,238.2860522551217
10,436.0932944606414,482.2740524781341,166.88046647230323,179.47521865889215
10,395.1603498542274,437.1428571428572,173.17784256559767,184.72303206997088
11,177.90087463556853,301.74927113702626,238.25072886297377,318.01749271137027
11,270.26239067055394,326.9387755102041,233.00291545189503,272.8862973760933
11,262.91545189504376,310.1457725947522,228.8046647230321,239.3002915451895
11,299.6501457725948,437.1428571428572,216.2099125364432,324.31486880466474
11,415.10204081632656,472.8279883381924,226.7055393586006,291.7784256559767
11,435.0437317784257,494.8688046647231,210.96209912536443,273.93586005830906
11,211.48688046647231,261.865889212828,235.1020408163265,244.54810495626825
11,555.7078337006848,594.9410072214237,166.8840118845439,175.15320988775127
11,484.08762007302096,507.463556851312,223.72698116888267,245.597667638484
11,521.571702005702,540.3464515950205,217.51234280308032,240.8662996093058
11,543.1486880466473,575.6851311953353,213.061224489796,228.8046647230321
11,545.891683348097,570.8326804637437,223.15166785513424,239.13498290811904
11,452.8862973760933,494.8688046647231,165.83090379008746,180.52478134110788
11,409.8542274052479,450.7871720116618,173.17784256559767,184.72303206997088
12,177.90087463556853,301.74927113702626,238.25072886297377,319.06705539358603
12,270.26239067055394,325.8892128279884,233.00291545189503,271.8367346938776
12,263.96501457725947,310.1457725947522,228.8046647230321,239.3002915451895
12,297.5510204081633,437.1428571428572,216.2099125364432,323.265306122449
12,415.10204081632656,470.72886297376095,227.75510204081635,291.7784256559767
12,435.0437317784257,494.8688046647231,212.0116618075802,273.93586005830906
12,216.73469387755105,263.96501457725947,235.1020408163265,244.54810495626825
12,564.1558528164643,603.5322131018775,167.52851466884854,175.15320988775127
12,484.08762007302096,506.4139941690962,223.72698116888267,245.597667638484
12,520.0583090379009,538.7651639716896,218.3541633717861,241.29717329128533
12,543.1486880466473,575.6851311953353,215.1603498542274,228.8046647230321
12,545.891683348097,570.7507879292002,223.15166785513424,240.88546327786423
12,466.530612244898,507.463556851312,167.93002915451896,181.5743440233236
12,420.3498542274053,462.332361516035,171.0787172011662,184.72303206997088
13,176.8513119533528,301.74927113702626,241.399416909621,319.06705539358603
13,268.16326530612247,325.8892128279884,234.0524781341108,271.8367346938776
13,263.96501457725947,310.1457725947522,230.9037900874636,239.3002915451895
13,298.600583090379,436.0932944606414,217.2594752186589,328.51311953352774
13,415.10204081632656,471.7784256559767,228.8046647230321,294.9271137026239
13,432.94460641399417,493.8192419825073,214.11078717201167,273.93586005830906
13,215.6851311953353,263.96501457725947,237.20116618075804,244.54810495626825
13,574.8948601670315,615.703088099187,167.52851466884854,175.15320988775127
13,484.08762007302096,504.3148688046648,223.72698116888267,247.69679300291543
13,516.5002725719784,537.2205606766165,220.76525144214395,241.48553954678204
13,542.0991253644315,575.6851311953353,215.1603498542274,230.9037900874636
13,545.891683348097,570.6688953946568,223.15166785513424,242.63594364760945
13,481.2244897959184,525.3061224489796,167.93002915451896,180.52478134110788
13,437.1428571428572,470.72886297376095,173.17784256559767,185.7725947521866
14,173.70262390670555,299.6501457725948,246.6472303206997,331.6618075801749
15,257.66763848396505,305.94752186588926,243.49854227405248,256.0932944606414
15,287.05539358600583,431.89504373177846,230.9037900874636,344.25655976676387
15,408.8046647230321,468.6297376093295,241.399416909621,308.5714285714286
15,427.69679300291546,491.7201166180759,225.65597667638485,286.53061224489795
15,218.83381924198247,259.7667638483965,248.7463556851312,256.0932944606414
15,594.3557313208178,622.7711447704187,172.86043181840515,181.28571428571428
15,482.2740524781341,500.1166180758018,233.00291545189503,256.0932944606414
15,513.0314805461708,534.1874178882808,231.27286048988577,253.8712481053216
15,540.0,574.6355685131196,225.65597667638485,242.44897959183675
15,546.9691594884874,567.1486042074802,235.24984238194168,252.24305898740928
15,507.463556851312,542.0991253644315,177.37609329446065,188.92128279883383
15,462.332361516035,491.7201166180759,181.5743440233236,195.2186588921283
15,359.4752186588922,396.2099125364432,187.8717201166181,203.61516034985425
16,152.7113702623907,281.8075801749271,250.8454810495627,336.9096209912537
16,253.46938775510205,308.0466472303208,245.597667638484,282.332361516035
16,248.2215743440233,299.6501457725948,241.399416909621,253.99416909621
16,272.3615160349854,424.5481049562682,227.75510204081635,345.30612244897964
16,400.4081632653061,463.3819241982508,238.25072886297377,305.4227405247814
16,424.5481049562682,487.5218658892129,224.60641399416912,289.6793002915452
16,208.33819241982508,259.7667638483965,248.7463556851312,256.0932944606414
16,599.9525439850217,631.4536322133522,172.86043181840515,183.99499260638493
16,475.97667638483966,496.96793002915456,231.95335276967933,252.9446064139942
16,508.0739435901526,529.4435772690517,228.96036084534776,253.38279933551817
16,534.7521865889213,571.4868804664724,223.55685131195327,240.34985422740527
16,541.4198121907644,563.1658190655737,234.1877663441,251.473053859974
16,519.0087463556852,557.8425655976677,173.17784256559767,186.8221574344024
16,462.332361516035,501.1661807580175,179.47521865889215,192.06997084548107
16,359.4752186588922,404.6064139941692,183.67346938775512,198.3673469387755
17,136.96793002915453,267.1137026239067,251.89504373177843,339.0087463556852
17,242.97376093294463,292.30320699708454,245.597667638484,268.68804664723035
17,238.77551020408168,289.1545189504373,241.399416909621,251.89504373177843
17,254.5189504373178,415.10204081632656,227.75510204081635,350.55393586005835
17,390.9620991253644,458.13411078717206,240.34985422740527,305.4227405247814
17,418.2507288629738,481.2244897959184,224.60641399416912,290.7288629737609
17,605.1430642044626,631.4536322133522,172.86043181840515,183.99499260638493
17,468.6297376093295,493.8192419825073,231.95335276967933,256.0932944606414
17,504.3506490924407,525.3158133292245,229.4300991949926,252.37310911449188
17,531.6034985422741,569.3877551020408,223.55685131195327,240.34985422740527
17,538.985526687024,563.1658190655737,236.01689729816064,251.473053859974
17,522.1574344023323,565.1895043731779,175.27696793002917,186.8221574344024
17,469.6793002915452,504.3148688046648,179.47521865889215,195.2186588921283
17,359.4752186588922,413.0029154518951,183.67346938775512,198.3673469387755
18,111.77842565597668,240.8746355685131,249.79591836734696,341.10787172011663
18,229.32944606414,268.16326530612247,245.597667638484,265.5393586005831
18,226.1807580174928,269.21282798833823,239.3002915451895,250.8454810495627
18,224.08163265306123,403.5568513119534,224.60641399416912,356.8513119533528
18,378.36734693877554,448.6880466472304,238.25072886297377,306.4723032069971
18,408.8046647230321,474.927113702624,221.45772594752188,288.6297376093295
18,605.1430642044626,631.4536322133522,170.7851206771989,181.82446307838669
18,460.23323615160353,486.47230320699714,230.9037900874636,257.1428571428572
18,495.9281415910231,518.3662569538673,229.8762022887291,251.3984762081918
18,525.3061224489796,563.0903790087464,222.5072886297376,240.34985422740527
18,531.606229601107,555.0250062355169,232.43135809651923,249.40997115646647
18,531.6034985422741,565.1895043731779,170.02915451895043,183.67346938775512
18,469.6793002915452,508.5131195335277,176.3265306122449,189.9708454810496
18,366.8221574344024,420.3498542274053,179.47521865889215,194.1690962099125
19,80.29154518950438,219.88338192419823,246.6472303206997,346.35568513119534
19,206.2390670553936,236.67638483965013,242.44897959183675,264.4897959183673
19,210.43731778425652,240.8746355685132,236.1516034985423,248.7463556851312
19,189.4460641399417,386.7638483965015,223.55685131195327,365.2478134110788
19,357.37609329446065,439.24198250728864,235.1020408163265,307.52186588921285
19,400.4081632653061,469.6793002915452,219.3586005830904,287.5801749271137
19,605.1430642044626,623.2033472011703,170.4604341359875,181.82446307838669
19,456.0349854227405,478.0758017492712,227.75510204081635,252.9446064139942
19,490.1932296955636,511.9989783475015,227.21590095319272,249.89387955120813
19,521.1078717201167,547.0127804686131,220.13422448623,235.9174330342993
19,472.0156555772994,494.559686888454,229.66731898238743,250.85144293407143
19,526.2199109751925,548.9653977813632,231.75806826827989,246.5118975479582
19,542.0991253644315,584.0816326530612,166.88046647230323,183.67346938775512
19,485.4227405247814,521.1078717201167,173.17784256559767,187.8717201166181
19,374.1690962099125,424.5481049562682,176.3265306122449,192.06997084548107
20,33.06122448979592,185.2478134110787,256.0932944606414,363.1486880466472
20,134.86880466472303,362.62390670553935,229.85422740524783,390.4373177842566
20,335.33527696793004,423.4985422740525,243.49854227405248,320.1166180758018
20,389.9125364431487,458.13411078717206,225.65597667638485,298.07580174927114
20,443.4402332361517,470.72886297376095,235.1020408163265,261.3411078717201
20,478.0758017492712,504.3148688046648,233.00291545189503,259.24198250728864
20,514.8104956268222,540.0,226.7055393586006,244.54810495626825
20,463.9904106736129,485.33966269847247,238.3999809442643,259.7492329691238
20,521.1638426053262,542.3571966484263,240.3519015342493,254.80191565454487
20,553.6443148688047,589.32944606414,172.12827988338194,186.8221574344024
20,491.7201166180759,519.0087463556852,178.42565597667638,195.2186588921283
20,381.5160349854228,424.5481049562682,183.67346938775512,197.31778425655972
21,0.0,132.76967930029156,259.24198250728864,377.84256559766766
21,60.34985422740525,333.23615160349857,231.95335276967933,415.6268221574345
21,308.0466472303208,410.9037900874636,244.54810495626825,330.6122448979592
21,374.1690962099125,449.7376093294461,227.75510204081635,302.27405247813414
21,431.89504373177846,462.332361516035,237.20116618075804,265.5393586005831
21,472.8279883381924,496.96793002915456,236.1516034985423,260.2915451895044
21,508.5131195335277,531.6034985422741,228.8046647230321,242.44897959183675
21,456.13922189672064,478.2699658162381,240.3644686814256,259.4214981676767
21,512.4938341331489,536.0955238629649,239.38856725956293,256.24691706657444
21,559.9416909620992,591.4285714285714,175.27696793002917,186.8221574344024
21,491.7201166180759,527.4052478134112,180.52478134110788,193.1195335276968
21,381.5160349854228,431.89504373177846,183.67346938775512,197.31778425655972
22,0.0,39.35860058309038,268.68804664723035,287.5801749271137
22,0.0,292.30320699708454,234.0524781341108,455.5102040816327
22,272.3615160349854,395.1603498542274,249.79591836734696,342.1574344023324
22,359.4752186588922,438.1924198250729,229.85422740524783,306.4723032069971
22,422.4489795918368,453.93586005830906,239.3002915451895,265.5393586005831
22,464.4314868804665,490.6705539358601,236.1516034985423,262.3906705539359
22,500.1166180758018,520.0583090379009,231.95335276967933,247.69679300291543
22,449.2541015662042,468.618502495782,244.6369317436658,263.3558526422576
22,507.4068270788832,529.1528339536925,243.6667949818373,258.16413289837686
22,563.0903790087464,598.7755102040817,178.42565597667638,187.8717201166181
22,494.8688046647231,530.5539358600583,180.52478134110788,195.2186588921283
22,386.7638483965015,436.0932944606414,184.72303206997088,201.51603498542275
22,290.2040816326531,341.6326530612245,187.8717201166181,203.61516034985425
23,0.0,241.9241982507289,234.0524781341108,506.9387755102041
23,241.9241982507289,386.7638483965015,249.79591836734696,352.6530612244898
23,347.930029154519,432.94460641399417,229.85422740524783,311.7201166180758
23,418.2507288629738,451.8367346938776,238.25072886297377,271.8367346938776
23,462.332361516035,488.5714285714286,237.20116618075804,266.5889212827988
23,499.067055393586,517.9591836734694,231.95335276967933,248.7463556851312
23,201.4872798434442,222.62230919765165,263.4833659491194,295.8904109589041
23,444.4591070503087,462.90139364990654,244.6676688879984,264.3394412609028
23,507.4068270788832,531.3831936331601,243.10920506197044,260.9520824977114
23,571.4868804664724,602.9737609329446,176.3265306122449,188.92128279883383
23,507.463556851312,534.7521865889213,180.52478134110788,195.2186588921283
23,398.3090379008746,446.5889212827989,184.72303206997088,199.41690962099128
23,290.2040816326531,338.4839650145773,187.8717201166181,202.56559766763849
23,373.1195335276968,413.0029154518951,183.67346938775512,196.26822157434404
24,0.0,157.9591836734694,225.65597667638485,507.9883381924199
24,207.2886297376093,373.1195335276968,248.7463556851312,361.04956268221576
24,339.53352769679304,427.69679300291546,224.60641399416912,307.52186588921285
24,416.1516034985423,450.7871720116618,234.0524781341108,265.5393586005831
24,461.2827988338192,489.6209912536443,229.85422740524783,261.3411078717201
24,501.1661807580175,513.4401747902797,226.17620285746835,240.8170731317241
24,91.58512720156556,207.12328767123287,247.9843444227006,336.7514677103718
24,116.94716242661448,184.57925636007823,242.44897959183675,267.71037181996087
24,445.073849936962,459.8276792166402,237.9054971348125,259.4214981676767
24,506.688914723332,531.5963754190013,236.9766974759404,255.4793825641519
24,588.2798833819243,605.0728862973762,168.9795918367347,183.67346938775512
24,521.1078717201167,547.3469387755102,175.27696793002917,189.9708454810496
24,411.9533527696793,457.0845481049563,177.37609329446065,194.1690962099125
24,302.798833819242,347.930029154519,181.5743440233236,195.2186588921283
24,342.6822157434403,375.2186588921283,177.37609329446065,192.06997084548107
24,365.7725947521866,414.0524781341108,177.37609329446065,188.92128279883383
25,159.00874635568513,360.5247813411079,245.597667638484,383.0903790087464
25,324.8396501457726,423.4985422740525,221.45772594752188,311.7201166180758
25,410.9037900874636,452.8862973760933,231.95335276967933,264.4897959183673
25,463.3819241982508,489.6209912536443,229.85422740524783,259.24198250728864
25,7.045009784735812,185.98825831702544,249.3933463796477,359.2954990215264
25,88.76712328767123,166.26223091976516,240.9393346379648,267.71037181996087
25,443.84436416365537,461.0571649899467,236.676011361506,258.8067552810234
25,509.3583917984175,533.3626378486877,235.3587051758205,254.6791958992088
25,541.0495626822158,567.2886297376093,173.17784256559767,186.8221574344024
25,423.4985422740525,470.72886297376095,176.3265306122449,189.9708454810496
25,312.2448979591837,357.37609329446065,179.47521865889215,192.06997084548107
25,361.5743440233237,401.4577259475219,177.37609329446065,187.8717201166181
25,355.2769679300292,396.2099125364432,176.3265306122449,185.7725947521866
26,84.56355352330861,335.8921036596225,250.85612804959143,412.4244817086504
26,302.798833819242,418.2507288629738,223.55685131195327,315.9183673469388
26,412.4244817086504,449.7458265597195,232.43166666741809,265.0287906512633
26,463.3819241982508,487.5218658892129,229.85422740524783,259.24198250728864
26,0.0,133.22302845571522,254.6355047433706,366.3405088062622
26,61.99608610567515,143.1438922768855,242.3525304885884,281.8003913894325
26,443.84436416365537,459.1942682941674,237.6283096213644,258.72172281824373
26,512.1055420070755,533.3626378486877,238.1007317080868,254.6791958992088
26,550.4956268221574,577.7722120614884,170.02915451895043,179.9928150412323
26,440.2915451895044,481.8705284568424,173.17784256559767,184.71703590845624
26,323.79008746355686,372.7410264239692,176.3265306122449,189.4412567756802
26,384.66472303207,430.3765210041013,174.2274052478134,186.1343021686234
26,348.9795918367347,388.86297376093296,174.2274052478134,186.8221574344024
27,0.0,303.8483965014577,251.89504373177843,454.46064139941694
27,284.38156143384623,413.0029154518951,221.4894853475149,323.265306122449
27,411.259488842793,451.7291725853019,231.3334624740711,264.6936071807338
27,467.0553935860058,493.2944606413994,230.9037900874636,261.3411078717201
27,0.0,81.72211350293541,249.3933463796477,336.7514677103718
27,29.58904109589041,118.35616438356163,240.9393346379648,270.5283757338552
27,443.2296212770021,462.5208385295974,234.83178270154625,259.3629512260908
27,517.3556867623433,537.1070248513856,237.3492262736332,252.3694966109618
27,562.0408163265306,592.826178065941,168.9795918367347,178.83225113243793
27,454.9854227405248,491.6519687096688,171.0787172011662,184.30112731385805
27,329.0379008746356,385.0088831719765,173.17784256559767,184.84801493200007
27,414.0524781341108,452.8862973760933,171.0787172011662,184.72303206997088
28,0.0,249.27113702623907,266.5889212827988,539.4752186588921
28,265.01457725947523,411.9533527696793,224.60641399416912,343.2069970845481
28,411.9533527696793,456.0349854227405,236.1516034985423,274.9854227405248
28,470.72886297376095,499.067055393586,231.95335276967933,263.44023323615164
28,0.0,87.35812133072406,249.3933463796477,280.3913894324853
28,447.31766147324646,466.9725284167679,240.60268155000372,267.0350888188774
28,525.1966007127321,545.3760454317248,241.0912605900712,258.6155152144596
28,579.8833819241983,608.2215743440233,173.17784256559767,185.7725947521866
28,470.72886297376095,513.7609329446065,174.2274052478134,189.9708454810496
28,352.12827988338194,405.65597667638485,178.42565597667638,192.06997084548107
28,438.1924198250729,475.97667638483966,174.2274052478134,192.06997084548107
28,326.9387755102041,359.4752186588922,179.47521865889215,191.02040816326533
29,0.0,139.067055393586,292.8279883381924,551.0204081632653
29,238.77551020408168,403.5568513119534,220.4081632653061,352.6530612244898
29,407.7551020408163,456.0349854227405,234.0524781341108,273.93586005830906
29,472.8279883381924,500.1166180758018,231.95335276967933,259.24198250728864
29,0.0,73.26810176125244,245.16634050880623,324.07045009784736
29,448.67316953831687,468.9719028127468,237.21391138732767,264.0190833740957
29,526.2586767505738,549.0933115641709,237.37399445762512,255.4292871009344
29,594.5772594752187,621.865889212828,167.93002915451896,181.5743440233236
29,488.5714285714286,535.801749271137,171.0787172011662,188.92128279883383
29,371.0204081632653,420.3498542274053,174.2274052478134,186.8221574344024
29,461.2827988338192,503.265306122449,170.02915451895043,184.72303206997088
29,318.5422740524781,363.6734693877551,175.27696793002917,189.9708454810496
30,196.7930029154519,389.9125364431487,213.061224489796,363.1486880466472
30,404.9241467381684,452.6041429270212,228.8046647230321,269.73760932944606
30,472.8279883381924,503.265306122449,221.45772594752188,256.0932944606414
30,0.0,28.180039138943247,247.9843444227006,362.1135029354208
30,445.6885928236152,467.973022464796,231.14332538162665,260.7739325183139
30,526.4862644729684,552.7852901719062,231.6337263483377,249.84074413991007
30,609.2711370262391,639.7084548104957,160.58309037900875,173.17784256559767
30,498.0174927113703,551.5451895043732,162.68221574344025,180.52478134110788
30,385.7142857142857,433.99416909620993,165.83090379008746,182.62390670553933
30,488.5714285714286,513.7609329446065,161.6326530612245,179.47521865889215
30,302.798833819242,351.0787172011662,170.02915451895043,181.5743440233236
31,135.9183673469388,368.9212827988338,206.76384839650143,379.94169096209913
31,395.1603498542274,449.7376093294461,221.45772594752188,265.5393586005831
31,472.8279883381924,503.265306122449,215.1603498542274,249.79591836734696
31,440.8620543133485,466.2676642229313,225.6615939027648,254.056099095828
31,529.4449048640989,549.4460641399418,226.7055393586006,243.49854227405248
31,619.7667638483965,653.3527696793003,152.1865889212828,163.731778425656
31,510.6122448979592,556.7930029154519,155.33527696793004,172.12827988338194
31,384.66472303207,441.34110787172017,158.48396501457728,173.17784256559767
31,309.09620991253644,337.4344023323615,161.6326530612245,174.2274052478134
32,45.655976676384846,344.7813411078717,208.86297376093296,420.8746355685132
32,384.66472303207,443.83561643835617,227.75510204081635,274.9854227405248
32,470.72886297376095,503.265306122449,220.4081632653061,252.9446064139942
32,432.6781743704857,462.56712720528895,230.5719218684825,261.17251643744777
32,531.1378540684186,553.8833408745894,230.52858249497336,247.69679300291543
32,524.2565597667639,569.3877551020408,156.38483965014578,174.2274052478134
32,407.7551020408163,457.0845481049563,159.53352769679302,176.3265306122449
33,0.0,306.99708454810497,205.7142857142857,453.4110787172012
33,376.26822157434407,441.34110787172017,225.65597667638485,277.0845481049563
33,470.72886297376095,501.1661807580175,219.3586005830904,255.04373177842567
33,427.5988314929045,460.432202002803,229.8834084906808,262.59579990577174
33,533.6932090154659,563.962376093955,230.470500211654,245.33956474143804
33,536.8513119533528,585.131195335277,154.2857142857143,170.02915451895043
33,414.0524781341108,460.23323615160353,157.43440233236151,174.2274052478134
34,0.0,248.2215743440233,198.3673469387755,539.4752186588921
34,359.4752186588922,432.94460641399417,223.55685131195327,280.23323615160353
34,470.72886297376095,501.1661807580175,216.2099125364432,255.04373177842567
34,420.6870111498563,457.3009783724903,227.9032653653751,262.27556112539884
34,653.7769080234833,684.7749510763209,226.84931506849315,276.16438356164383
34,534.6505224509353,556.5557729941291,228.31022310066967,245.6502400450244
34,553.6443148688047,596.6763848396502,147.98833819241983,165.83090379008746
34,429.795918367347,474.927113702624,153.23615160349854,170.02915451895043
35,0.0,136.96793002915453,216.2099125364432,539.4752186588921
35,340.58309037900875,421.399416909621,229.85422740524783,292.8279883381924
35,465.48104956268224,493.8192419825073,224.60641399416912,260.2915451895044
35,410.6172806114642,449.0459342562113,234.8417722734544,271.1355007157155
35,660.8219178082192,698.8649706457925,233.89432485322897,286.027397260274
35,532.7238539015626,553.8726537344586,234.7188043630208,251.7120209684884
35,505.8317025440313,534.7479316702901,235.180649289722,253.480008168173
35,563.0903790087464,606.1224489795919,155.33527696793004,170.02915451895043
35,433.99416909620993,482.2740524781341,156.38483965014578,175.27696793002917
36,315.3935860058309,405.65597667638485,230.9037900874636,302.27405247813414
36,459.18367346938777,494.8688046647231,223.55685131195327,260.2915451895044
36,394.64626099253394,440.9367766954355,233.02174853833515,271.46641412210084
36,663.6399217221135,714.3639921722113,231.07632093933464,288.8454011741683
36,653.7769080234833,690.4109589041095,229.66731898238743,273.3463796477495
36,530.7971853521899,551.9905393952899,233.1268944741016,249.02191000642665
36,503.57124617366986,536.1034397353606,231.7918791270459,249.41348397296164
36,570.4373177842566,611.3702623906706,149.03790087463557,165.83090379008746
36,445.5393586005831,487.5218658892129,154.2857142857143,172.12827988338194
36,241.9241982507289,279.70845481049565,167.93002915451896,179.47521865889215
37,279.70845481049565,388.86297376093296,223.55685131195327,304.3731778425656
37,454.9854227405248,490.6705539358601,215.1603498542274,253.99416909621
37,379.7391457661758,434.6600966001268,227.52965345494,269.1126590863601
37,672.0939334637965,735.4990215264188,226.84931506849315,288.8454011741683
37,659.412915851272,705.9099804305283,226.84931506849315,274.75538160469665
37,527.8517908073364,552.8105776966169,225.69115804136607,244.8085267225172
37,500.860230043529,532.7146695726844,225.01433880169367,243.31369768014463
37,581.9825072886298,625.0145772594752,140.64139941690962,155.33527696793004
37,458.13411078717206,503.265306122449,144.8396501457726,161.6326530612245
37,246.12244897959184,299.6501457725948,157.43440233236151,171.0787172011662
38,236.67638483965013,366.8221574344024,226.7055393586006,321.1661807580175
38,452.8862973760933,488.5714285714286,216.2099125364432,259.24198250728864
38,369.0687896041511,426.7357879797997,229.8441792400852,277.6254064656226
38,686.183953033268,772.133072407045,229.66731898238743,295.8904109589041
38,669.2759295499021,728.454011741683,226.84931506849315,274.75538160469665
38,527.8517908073364,553.3416157155377,228.3463481359705,246.93267879820064
38,498.81994231293294,530.4352907693865,228.91854160135773,247.65356290888573
38,588.2798833819243,639.7084548104957,139.59183673469389,155.33527696793004
38,474.927113702624,517.9591836734694,144.8396501457726,162.68221574344025
38,261.865889212828,323.79008746355686,157.43440233236151,170.02915451895043
39,172.65306122448982,337.4344023323615,224.60641399416912,337.9591836734694
39,448.6880466472304,485.4227405247814,219.3586005830904,261.3411078717201
39,350.7095003253731,415.8300563142008,229.66731898238743,280.8814342650639
39,698.8649706457925,791.8590998043053,229.66731898238743,307.1624266144814
39,676.320939334638,745.3620352250489,226.84931506849315,283.2093933463796
39,527.8517908073364,553.3416157155377,228.3463481359705,247.8177421630687
39,492.4560800400923,534.4429423556493,228.91854160135773,248.3629652225321
39,599.8250728862974,651.2536443148689,138.54227405247815,154.2857142857143
39,474.927113702624,530.5539358600583,139.59183673469389,158.48396501457728
39,268.16326530612247,333.23615160349857,155.33527696793004,168.9795918367347
40,80.29154518950438,290.2040816326531,224.60641399416912,363.1486880466472
40,443.4402332361517,484.3731778425656,214.11078717201167,257.1428571428572
40,329.706457925636,403.5568513119534,228.8046647230321,286.027397260274
40,717.1819960861056,835.5381604696673,228.2583170254403,315.6164383561644
40,686.183953033268,762.2700587084148,225.440313111546,283.2093933463796
40,526.2586767505738,553.3416157155377,225.69115804136607,247.46371681712148
40,490.6791294828761,530.2680137934263,226.3815074659633,245.33956474143804
40,599.8250728862974,662.7988338192421,130.1457725947522,146.9387755102041
40,486.47230320699714,543.1486880466473,136.44314868804665,152.1865889212828
40,292.30320699708454,343.731778425656,149.03790087463557,161.6326530612245
41,0.0,231.42857142857144,219.3586005830904,395.6851311953353
41,435.0437317784257,479.1253644314869,212.0116618075802,257.1428571428572
41,304.3444227005871,391.7025440313112,228.2583170254403,295.8904109589041
41,741.1350293542074,904.5792563600784,225.440313111546,328.29745596868884
41,700.2739726027397,790.450097847358,222.62230919765165,290.25440313111545
41,526.2586767505738,553.3416157155377,225.40572510619623,247.0680934930255
41,486.046463332402,527.3571853155012,224.6270507831021,245.2824117746517
41,616.6180758017493,674.3440233236151,128.0466472303207,141.6909620991254
41,500.1166180758018,559.9416909620992,130.1457725947522,147.98833819241983
41,303.8483965014577,367.8717201166181,143.79008746355686,158.48396501457728
42,0.0,129.62099125364432,216.2099125364432,410.3790087463557
42,430.8454810495627,475.97667638483966,208.86297376093296,251.89504373177843
42,267.71037181996087,371.9765166340509,224.0313111545988,302.9354207436399
42,780.3498542274053,999.7084548104956,223.55685131195327,351.60349854227405
42,720.0,825.6751467710371,218.39530332681016,294.48140900195693
42,525.727638731653,555.4657677912212,220.3807778521576,243.2154126657546
42,483.18790890946417,526.2199109751925,220.6926963085212,241.59395445473208
42,638.65889212828,685.8892128279883,117.55102040816328,133.2944606413994
42,514.8104956268222,568.3381924198251,121.74927113702624,141.6909620991254
42,322.74052478134115,380.466472303207,133.2944606413994,149.03790087463557
42,576.7346938775511,596.6763848396502,212.0116618075802,228.8046647230321
43,421.399416909621,465.48104956268224,210.96209912536443,258.1924198250729
43,476.1646437303557,523.945870955893,223.65883073662323,246.7024678428208
43,211.35029354207435,338.4839650145773,229.66731898238743,325.4794520547945
43,818.6301369863013,1132.8375733855185,225.440313111546,386.0665362035225
43,739.7260273972603,874.9902152641878,221.2133072407045,308.57142857142856
43,522.4617549152897,553.6867904278363,224.70873770636257,245.89715466130497
43,648.1049562682216,694.2857142857143,117.55102040816328,132.24489795918367
43,522.1574344023323,578.8338192419825,121.74927113702624,140.64139941690962
43,337.4344023323615,392.0116618075802,135.3935860058309,149.03790087463557
43,575.6851311953353,595.6268221574344,213.061224489796,235.1020408163265
44,419.3002915451895,467.5801749271137,215.1603498542274,265.5393586005831
44,133.85518590998043,308.57142857142856,233.89432485322897,349.43248532289624
44,890.4892367906066,1279.3737769080235,235.3033268101761,455.10763209393343
44,769.3150684931506,951.0763209393346,228.2583170254403,331.11545988258314
44,525.807294434491,554.2443803477032,229.72704698516472,252.5882336997078
44,477.0404800429316,521.9167107686197,231.14332538162665,250.81509775453105
44,658.600583090379,714.2274052478134,121.74927113702624,133.2944606413994
44,538.9504373177842,601.9241982507289,123.84839650145771,141.6909620991254
44,364.7230320699709,418.2507288629738,136.44314868804665,150.08746355685133
44,578.8338192419825,598.7755102040817,218.30903790087464,239.3002915451895
45,404.6064139941692,456.0349854227405,209.9125364431487,262.3906705539359
45,0.0,243.75733855185908,231.07632093933464,381.839530332681
45,1003.2093933463796,1279.3737769080235,240.9393346379648,490.3326810176125
45,805.9491193737769,1039.843444227006,224.0313111545988,348.0234833659491
45,520.682175467983,553.4355408073195,225.90188741395377,249.02191000642665
45,467.973022464796,517.0295048197264,224.6270507831021,247.2188518676095
45,680.6413994169096,723.6734693877552,114.40233236151605,128.0466472303207
45,551.5451895043732,610.3206997084549,115.45189504373178,132.24489795918367
45,380.466472303207,426.64723032069975,125.9475218658892,140.64139941690962
45,578.8338192419825,599.8250728862974,218.30903790087464,234.0524781341108
46,577.7842565597668,601.9241982507289,209.9125364431487,228.8046647230321
47,387.8134110787172,448.6880466472304,209.9125364431487,269.73760932944606
47,938.39530332681,1279.3737769080235,226.84931506849315,446.65362035225047
47,518.1404330363212,553.2685979879362,228.33307218549749,254.0937264833485
47,459.8276792166402,512.6955674688207,228.06961094836032,253.27406930114407
47,726.8221574344024,759.3586005830904,103.9067055393586,119.65014577259475
47,578.8338192419825,642.8571428571429,108.10495626822158,123.84839650145771
47,422.4489795918368,469.6793002915452,116.50145772594752,131.19533527696794
47,583.0320699708456,608.2215743440233,218.30903790087464,237.20116618075804
48,375.2186588921283,436.0932944606414,210.96209912536443,273.93586005830906
48,1045.4794520547944,1279.3737769080235,236.71232876712327,487.51467710371816
48,510.5671655837761,546.2105337471718,229.2735573753561,254.0937264833485
48,452.7396937335282,506.28226230381074,229.75861702944025,254.1577622007082
48,729.9708454810497,773.0029154518951,102.85714285714286,118.60058309037902
48,593.527696793003,651.2536443148689,102.85714285714286,120.6997084548105
48,441.34110787172017,481.2244897959184,113.3527696793003,126.99708454810497
48,577.7842565597668,607.1720116618076,218.30903790087464,239.3002915451895
49,353.1778425655977,422.4489795918368,212.0116618075802,276.03498542274053
49,508.7344221261854,540.596703261437,232.59465228733737,258.08447719553874
49,440.54012114789424,499.5047219784585,232.4696331595811,256.1910242983139
49,744.66472303207,783.4985422740525,101.80758017492712,114.40233236151605
49,605.0728862973762,663.8483965014577,100.75801749271136,117.55102040816328
49,463.3819241982508,498.0174927113703,110.20408163265309,121.74927113702624
49,578.8338192419825,601.9241982507289,221.45772594752188,240.34985422740527
50,333.23615160349857,409.8542274052479,201.51603498542275,270.7871720116618
50,502.378824248942,536.5771910003081,223.97521886458105,250.94857855579937
50,435.0437317784257,494.28855750555937,222.82214338345847,250.282618800434
50,763.5568513119534,798.1924198250729,87.1137026239067,102.85714285714286
50,622.9154518950438,675.3935860058309,86.06413994169097,103.9067055393586
50,488.5714285714286,515.860058309038,94.46064139941691,106.0058309037901
50,575.6851311953353,607.1720116618076,213.061224489796,233.00291545189503
51,315.3935860058309,398.3090379008746,199.41690962099128,277.0845481049563
51,500.4007097357555,536.8513119533528,222.53692496848092,245.597667638484
51,442.3906705539359,493.8192419825073,222.5072886297376,249.79591836734696
51,788.7463556851312,820.2332361516036,76.61807580174927,89.21282798833819
51,639.7084548104957,695.3352769679301,76.61807580174927,92.36151603498544
51,580.932944606414,608.2215743440233,208.86297376093296,228.8046647230321
52,293.3527696793003,387.8134110787172,196.26822157434404,283.3819241982508
52,500.4007097357555,538.6318625914299,224.15114778649567,252.6593264144908
52,435.0437317784257,486.47230320699714,225.65597667638485,249.79591836734696
52,811.8367346938776,845.4227405247814,75.56851311953353,88.16326530612245
52,657.5510204081633,721.5743440233236,72.4198250728863,89.21282798833819
52,589.32944606414,615.5685131195336,212.0116618075802,229.85422740524783
53,259.7667638483965,369.9708454810496,182.62390670553933,277.0845481049563
53,495.48276664252944,535.4410542749915,211.47155300872225,242.2086973413853
53,427.5988314929045,485.6581223745099,214.11078717201167,238.51384362173025
53,681.6909620991254,735.2186588921284,54.57725947521866,67.17201166180759
53,593.527696793003,629.2128279883382,199.41690962099128,217.2594752186589
54,230.3790087463557,346.8804664723032,186.8221574344024,293.8775510204082
54,491.7943093226099,531.1378540684186,218.84846764856132,251.42984064118428
54,416.88914800715776,480.4670137163103,218.30903790087464,247.95367626569512
54,702.6822157434402,754.1107871720117,50.37900874635569,64.02332361516035
54,595.6268221574344,639.7084548104957,205.7142857142857,224.60641399416912
55,165.3061224489796,323.79008746355686,202.56559766763849,333.76093294460645
55,486.8069757784464,531.1378540684186,232.3635888704896,269.16325226626844
55,414.2608862903736,476.2431022315469,238.25072886297377,265.18973402679217
55,732.0699708454811,783.4985422740525,56.67638483965015,70.32069970845481
55,609.2711370262391,652.3032069970845,218.30903790087464,238.25072886297377
56,80.29154518950438,282.8571428571429,192.06997084548107,346.35568513119534
56,477.651663405088,525.5577299412915,229.66731898238743,269.119373776908
56,400.5119679863641,467.0148880438014,231.95335276967933,263.0227849462689
56,757.259475218659,799.2419825072886,48.2798833819242,59.82507288629738
56,609.2711370262391,651.2536443148689,215.1603498542274,236.1516034985423
57,0.0,229.32944606414,173.17784256559767,363.1486880466472
57,470.6066536203522,514.2857142857142,224.0313111545988,263.4833659491194
57,382.4208622405528,456.8069651202613,227.75510204081635,258.4440241077053
57,612.4198250728863,652.3032069970845,210.96209912536443,233.00291545189503
58,0.0,152.7113702623907,159.53352769679302,373.6443148688047
58,455.10763209393343,503.01369863013696,225.440313111546,266.3013698630137
58,360.7045009784736,439.6086105675146,227.75510204081635,259.25636007827785
58,609.2711370262391,649.1545189504374,212.0116618075802,231.95335276967933
59,0.0,38.30903790087464,167.93002915451896,344.25655976676387
59,438.1996086105675,491.7416829745597,226.84931506849315,266.3013698630137
59,342.38747553816046,422.7005870841487,227.75510204081635,256.43835616438355
59,611.3702623906706,656.5014577259476,213.061224489796,231.95335276967933
59,541.7170584153441,560.2284898104962,213.57038239709203,227.45395594345607
60,495.9183673469388,507.463556851312,198.3673469387755,221.45772594752188
60,426.9275929549902,484.3731778425656,228.8046647230321,267.71037181996087
60,329.706457925636,410.01956947162427,227.75510204081635,259.25636007827785
60,616.6180758017493,658.600583090379,208.86297376093296,230.9037900874636
60,540.7914868455865,556.5262035314659,210.7936676878192,225.6028128039409
61,489.6209912536443,503.265306122449,203.61516034985425,228.8046647230321
61,417.0645792563601,474.8336594911937,229.66731898238743,270.5283757338552
61,315.6164383561644,400.1565557729941,231.95335276967933,266.3013698630137
61,621.865889212828,657.5510204081633,209.9125364431487,231.95335276967933
61,538.0147721363137,556.5262035314659,212.6448108273344,228.37952751321373
62,490.6705539358601,502.21574344023327,205.7142857142857,223.55685131195327
62,408.6105675146771,470.6066536203522,231.07632093933464,278.98238747553813
62,301.5264187866928,388.8845401174168,231.07632093933464,267.71037181996087
62,418.4735812133072,457.9256360078278,218.39530332681016,236.71232876712327
62,631.3119533527697,659.6501457725948,209.9125364431487,228.8046647230321
62,538.0147721363137,554.6750603919506,212.6448108273344,228.37952751321373
63,484.3731778425656,503.265306122449,202.56559766763849,224.60641399416912
63,394.5205479452055,466.3796477495108,232.4853228962818,283.2093933463796
63,287.4363992172211,376.2035225048924,232.4853228962818,269.119373776908
63,410.01956947162427,457.9256360078278,218.39530332681016,239.5303326810176
63,639.7084548104957,662.7988338192421,210.96209912536443,231.95335276967933
63,538.0147721363137,555.6006319617082,215.42152553660725,230.2306706527289
64,479.1253644314869,502.21574344023327,195.2186588921283,220.4081632653061
64,377.61252446183954,456.5166340508806,225.440313111546,281.8003913894325
64,260.66536203522503,364.93150684931504,226.84931506849315,269.119373776908
64,395.92954990215264,448.0626223091977,212.7592954990215,242.348336594912
64,535.4207436399217,553.7377690802348,202.8962818003914,222.62230919765165
64,641.8075801749271,666.997084548105,202.56559766763849,220.4081632653061
65,479.1253644314869,500.1166180758018,187.8717201166181,213.061224489796
65,362.1135029354208,449.4716242661448,219.8043052837573,281.8003913894325
65,240.9393346379648,349.43248532289624,216.986301369863,262.0743639921722
65,380.4305283757338,439.6086105675146,204.3052837573385,242.348336594912
65,535.8662258239732,552.9456274438609,197.1247603628693,214.91580371691887
65,643.9067055393587,669.0962099125364,198.3673469387755,217.2594752186589
66,469.6793002915452,495.9183673469388,191.02040816326533,214.11078717201167
66,338.160469667319,438.1996086105675,225.440313111546,291.66340508806263
66,212.7592954990215,329.706457925636,222.62230919765165,269.119373776908
66,363.5225048923679,429.74559686888455,209.9412915851272,246.5753424657534
66,528.8111629973426,552.6538551012828,199.82217223907932,218.84846764856132
66,640.7580174927114,671.195335276968,201.51603498542275,219.3586005830904
67,463.3819241982508,493.8192419825073,185.7725947521866,214.11078717201167
67,309.98043052837573,424.1095890410959,222.62230919765165,298.7084148727984
67,185.98825831702544,308.57142857142856,224.0313111545988,276.16438356164383
67,349.43248532289624,415.65557729941287,208.53228962818,246.5753424657534
67,527.7121798523939,550.7432617055345,195.2635200592349,215.290547757618
67,642.8571428571429,671.195335276968,194.1690962099125,213.061224489796
68,461.2827988338192,493.8192419825073,186.8221574344024,214.11078717201167
68,287.4363992172211,412.83757338551857,225.440313111546,309.98043052837573
68,159.21722113502935,284.6183953033268,225.440313111546,277.573385518591
68,329.706457925636,404.3835616438356,207.12328767123287,250.8023483365949
68,646.7318982387475,680.5479452054794,193.1195335276968,215.1603498542274
68,533.7202881619088,554.748667245211,196.26487144415407,216.29189914253715
69,460.23323615160353,493.8192419825073,200.466472303207,227.75510204081635
69,250.8023483365949,401.5655577299413,242.348336594912,345.30612244897964
69,126.8101761252446,269.119373776908,246.5753424657534,301.5264187866928
69,308.57142857142856,387.4755381604696,222.62230919765165,267.71037181996087
69,650.958904109589,686.183953033268,205.7142857142857,226.7055393586006
69,535.7229909317471,555.7500186301302,209.28243944810308,228.308115761567
70,456.0349854227405,493.8192419825073,187.8717201166181,218.30903790087464
70,201.4872798434442,380.4305283757338,233.89432485322897,350.55393586005835
70,81.72211350293541,229.66731898238748,236.71232876712327,295.8904109589041
70,278.98238747553813,373.385518590998,212.7592954990215,270.5283757338552
70,653.7769080234833,697.4559686888454,193.1195335276968,215.57729941291583
70,536.9150759137935,555.9884356265394,199.3166089981933,218.3899687109392
71,453.93586005830906,496.96793002915456,177.37609329446065,207.8134110787172
71,150.7632093933464,363.5225048923679,221.2133072407045,355.0684931506849
71,43.67906066536203,201.48727984344424,222.62230919765165,287.4363992172211
71,255.0293542074364,360.7045009784736,201.4872798434442,273.3463796477495
71,660.8219178082192,698.8649706457925,183.67346938775512,206.76384839650143
71,457.21691569264254,477.8122722553742,199.3630515272424,218.31077956495545
71,540.429342440867,560.7827788649706,189.25541174972,208.53228962818
72,451.8367346938776,498.0174927113703,181.5743440233236,212.0116618075802
72,66.22309197651663,333.9334637964775,228.2583170254403,390.293542074364
72,1.409001956947162,146.53620352250488,228.2583170254403,301.5264187866928
72,216.986301369863,333.9334637964775,204.3052837573385,293.0724070450097
72,317.0254403131115,346.61448140900194,231.07632093933464,284.6183953033268
72,665.0489236790606,708.7279843444226,187.3972602739726,210.96209912536443
72,454.27472189796646,481.735197314942,203.2075180856189,223.6067283953721
72,542.7324506261812,561.7581269396451,192.25946590447745,214.28919637269885
73,451.8367346938776,504.3148688046648,193.1195335276968,223.55685131195327
73,0.0,300.1174168297456,243.75733855185908,441.0176125244618
73,1.409001956947162,101.4481409001957,246.5753424657534,300.1174168297456
73,178.94324853228963,304.3444227005871,215.57729941291583,309.98043052837573
73,286.027397260274,331.11545988258314,233.89432485322897,307.1624266144814
73,669.2759295499021,718.5909980430528,194.4422700587084,222.62230919765165
73,455.569287167624,490.16948619301314,214.19170825240911,235.61087907765005
73,547.6779003231288,567.659515260291,204.3574254937048,223.4307852064505
74,447.6384839650146,506.4139941690962,195.2186588921283,226.7055393586006
74,0.0,256.43835616438355,255.0293542074364,500.19569471624266
74,119.7651663405088,263.4833659491194,219.8043052837573,343.79647749510764
74,242.348336594912,305.75342465753425,240.9393346379648,314.2074363992172
74,676.320939334638,729.8630136986301,195.8512720156556,225.440313111546
74,459.5426498351006,499.14551234121495,215.20046041058367,238.36439885755624
74,549.5107632093933,573.4637964774951,207.12328767123287,228.2583170254403
75,447.6384839650146,512.7113702623907,193.1195335276968,226.7055393586006
75,0.0,183.1702544031311,278.98238747553813,542.4657534246575
75,18.31702544031311,215.57729941291583,225.440313111546,370.5675146771037
75,184.57925636007823,274.75538160469665,246.5753424657534,332.5244618395303
75,686.183953033268,738.317025440313,194.4422700587084,221.2133072407045
75,464.9706457925636,511.4677103718199,215.20046041058367,239.5303326810176
75,555.8521973428769,577.7797490983515,203.4491702692883,223.3013588369712
76,444.48979591836735,512.7113702623907,198.3673469387755,231.95335276967933
76,0.0,59.17808219178082,383.24853228962814,550.9197651663405
76,0.0,133.85518590998043,226.84931506849315,400.1565557729941
76,107.08414872798434,232.4853228962818,257.84735812133067,346.61448140900194
76,691.8199608610568,752.4070450097847,198.66927592954988,226.84931506849315
76,470.6066536203522,521.3307240704501,219.8043052837573,246.5753424657534
76,555.8521973428769,579.4668331777051,207.99044639137065,230.69682700178228
77,449.7376093294461,519.0087463556852,197.31778425655972,228.8046647230321
77,0.0,30.998043052837573,288.8454011741683,433.972602739726
77,9.863013698630136,183.1702544031311,259.25636007827785,366.3405088062622
77,701.6829745596868,762.2700587084148,195.8512720156556,225.440313111546
77,483.2876712328767,538.238747553816,215.57729941291583,243.75733855185908
77,564.0264943626252,587.6411301974532,208.8987016157871,229.7885717773658
78,453.93586005830906,522.1574344023323,174.2274052478134,208.86297376093296
78,0.0,112.82798833819244,245.16634050880623,355.0684931506849
78,714.3639921722113,776.3600782778865,180.3522504892368,209.9412915851272
78,495.9686888454012,552.3287671232877,197.2602739726028,225.440313111546
78,569.2556553939027,593.1462690066713,189.4772803771312,210.0726369398628
79,459.18367346938777,529.5043731778426,188.92128279883383,221.45772594752188
79,0.0,20.466472303207,304.3731778425656,394.5205479452055
79,729.8630136986301,790.450097847358,190.2152641878669,219.8043052837573
79,511.4677103718199,574.8727984344422,207.12328767123287,238.12133072407045
79,576.7783977134324,601.8121823364112,201.27162836874984,224.3027102218904
80,464.4314868804665,536.8513119533528,197.31778425655972,231.95335276967933
80,750.9980430528375,803.1311154598825,197.2602739726028,228.2583170254403
80,526.9667318982388,593.1898238747553,215.57729941291583,246.5753424657534
80,585.8234755621445,607.4929663673769,209.9698936644931,231.63938446972548
81,467.5801749271137,541.0495626822158,186.8221574344024,220.4081632653061
81,786.2230919765166,814.4031311154598,185.98825831702544,215.57729941291583
81,545.2837573385518,619.9608610567515,204.3052837573385,233.89432485322897
81,593.090661543952,614.8887869299472,195.2748732495401,217.07299863553527
82,470.72886297376095,548.396501457726,188.92128279883383,221.45772594752188
82,767.9060665362035,831.3111545988257,193.03326810176125,221.2133072407045
82,573.5860058309038,642.8571428571429,210.96209912536443,235.1020408163265
82,598.5834431392326,620.2085675301008,200.68115434725715,213.6562289817781
83,479.1253644314869,551.5451895043732,197.31778425655972,231.95335276967933
83,784.8140900195694,831.3111545988257,193.03326810176125,226.84931506849315
83,590.371819960861,675.1969338312005,215.57729941291583,243.18533633750863
83,605.8062346857826,635.7786570915259,207.08219116695412,218.88950908436823
84,475.97667638483966,551.5451895043732,200.466472303207,235.1020408163265
84,785.0594857766163,858.0821917808219,202.272979753669,238.12133072407045
84,611.5068493150685,701.6829745596868,218.39530332681016,250.8023483365949
84,604.6255028940411,638.0038823913462,212.6679607971154,237.4633284236849
85,472.8279883381924,550.4956268221574,203.61516034985425,238.25072886297377
85,805.9491193737769,866.5362035225048,207.12328767123287,240.9393346379648
85,914.4422700587083,935.577299412916,212.7592954990215,238.12133072407045
85,636.8688845401174,728.454011741683,221.2133072407045,255.0293542074364
85,606.3684879199451,632.3615160349855,217.116248884317,242.44897959183675
86,469.6793002915452,550.4956268221574,186.8221574344024,224.60641399416912
86,800.3131115459882,882.0352250489236,188.80626223091977,228.2583170254403
86,935.577299412916,962.348336594912,193.03326810176125,218.39530332681016
86,666.4579256360078,753.0612244897959,208.86297376093296,240.9393346379648
86,610.3206997084549,635.5102040816327,201.51603498542275,225.440313111546
87,479.1253644314869,559.9416909620992,189.9708454810496,226.7055393586006
87,817.2211350293542,897.5342465753424,191.62426614481407,232.4853228962818
87,953.8943248532288,1001.8003913894324,193.03326810176125,219.8043052837573
87,703.091976516634,803.1311154598825,207.12328767123287,242.348336594912
87,619.7667638483965,642.8571428571429,205.7142857142857,227.75510204081635
88,490.6705539358601,572.5364431486881,191.02040816326533,228.8046647230321
88,846.8101761252445,928.53228962818,191.62426614481407,231.07632093933464
88,988.3338169152044,1054.5732110276062,183.9983169788944,218.6951424663431
88,750.9980430528375,848.5714285714287,206.76384839650143,243.75733855185908
88,635.5102040816327,663.0263138240199,206.76384839650143,232.5133374506152
89,501.1661807580175,586.1807580174927,189.9708454810496,227.75510204081635
89,886.2622309197651,960.9393346379647,193.1195335276968,229.66731898238743
89,1022.9354207436398,1115.9295499021523,183.67346938775512,222.62230919765165
89,801.7221135029354,910.2152641878668,202.8962818003914,242.348336594912
89,646.0058309037901,677.4927113702624,207.8134110787172,228.8046647230321
90,508.5131195335277,594.5772594752187,189.9708454810496,230.9037900874636
90,918.6692759295498,991.9373776908024,191.02040816326533,232.4853228962818
90,1063.7964774951076,1152.9446064139945,185.7725947521866,224.0313111545988
90,855.2641878669275,963.7573385518592,202.56559766763849,240.9393346379648
90,653.7828198894077,686.9387755102041,209.9125364431487,232.99706879037404
91,507.463556851312,592.4781341107872,196.26822157434404,236.1516034985423
91,958.1213307240704,1013.0724070450098,197.2602739726028,225.440313111546
91,1073.6594911937375,1179.3346379647749,187.3972602739726,232.4853228962818
91,896.1252446183953,1015.890410958904,204.3052837573385,247.9843444227006
91,663.8483965014577,691.137026239067,216.2099125364432,239.3002915451895
92,508.5131195335277,596.6763848396502,202.56559766763849,243.49854227405248
92,931.3502935420744,1037.0254403131114,204.3052837573385,247.9843444227006
92,1099.0215264187866,1204.6966731898235,191.62426614481407,239.5303326810176
92,951.0763209393346,1070.8414872798437,211.35029354207435,253.6203522504892
92,662.2309197651663,698.8649706457925,216.986301369863,247.9843444227006
93,506.4139941690962,594.5772594752187,192.06997084548107,235.1020408163265
93,952.4853228962818,1059.569471624266,190.2152641878669,240.9393346379648
93,1131.428571428571,1248.4548104956268,186.8221574344024,229.66731898238743
93,1010.2544031311154,1135.655577299413,195.8512720156556,240.9393346379648
93,670.6849315068492,701.6326530612246,210.96209912536443,237.62068364131508
94,502.21574344023327,596.6763848396502,186.8221574344024,229.85422740524783
94,983.4833659491192,1086.3405088062625,185.98825831702544,242.348336594912
94,1180.743639921722,1279.3737769080235,178.94324853228963,224.0313111545988
94,1075.0684931506848,1203.2876712328766,193.03326810176125,239.5303326810176
94,670.6849315068492,707.930029154519,207.8134110787172,235.1020408163265
95,499.067055393586,595.6268221574344,193.1195335276968,238.25072886297377
95,994.7553816046966,1121.457725947522,195.2186588921283,247.9843444227006
95,1235.6947162426611,1279.3737769080235,187.3972602739726,221.2133072407045
95,1139.8825831702543,1276.555772994129,198.66927592954988,247.9843444227006
95,669.2759295499021,710.0291545189505,215.57729941291583,242.44897959183675
96,493.8192419825073,592.4781341107872,193.1195335276968,239.3002915451895
96,1022.9354207436398,1158.1996086105676,195.8512720156556,256.43835616438355
96,1217.3776908023483,1276.555772994129,198.66927592954988,250.8023483365949
96,667.866927592955,711.0787172011662,215.57729941291583,245.597667638484
97,486.47230320699714,589.32944606414,184.72303206997088,230.9037900874636
97,1051.115459882583,1193.4246575342463,187.3972602739726,250.8023483365949
97,1252.6027397260273,1279.3737769080235,195.8512720156556,236.71232876712327
97,665.7059108296401,714.3639921722113,204.23813184657283,239.5303326810176
97,94.66599022242002,130.76328144296667,222.82609809466808,240.4119579200626
98,477.0262390670554,581.5515887552675,179.47521865889215,226.2901795400269
98,1077.886497064579,1230.0587084148729,177.53424657534245,242.348336594912
98,664.8973195863178,711.467662603926,199.41690962099128,234.32135501430764
98,70.60112940872224,106.6984206292689,224.6772412341833,242.26310105957785
99,470.72886297376095,575.6851311953353,181.5743440233236,229.85422740524783
99,1113.1115459882585,1273.7377690802348,177.53424657534245,250.8023483365949
99,665.9475218658893,712.128279883382,205.7142857142857,235.1020408163265
99,40.057267606721226,81.70798824581352,229.3050990829713,242.26310105957785
100,463.3819241982508,574.6355685131196,173.17784256559767,224.60641399416912
100,1152.5636007827788,1279.3737769080235,171.89823874755382,245.16634050880623
100,669.0962099125364,713.1778425655978,196.26822157434404,231.95335276967933
100,33.57826661841797,71.52670097847985,220.0493833853953,236.7096716410322
101,453.93586005830906,569.3877551020408,171.0787172011662,221.45772594752188
101,1187.7886497064578,1279.3737769080235,171.89823874755382,253.6203522504892
101,662.8946168164796,715.7729941291585,191.25811451955832,231.07632093933464
102,448.6880466472304,564.1399416909621,167.93002915451896,221.45772594752188
102,1227.2407045009784,1279.3737769080235,188.80626223091977,257.84735812133067
102,659.412915851272,718.5909980430528,190.2152641878669,232.4853228962818
103,443.4402332361517,563.0903790087464,160.58309037900875,214.11078717201167
103,1269.5107632093932,1279.3737769080235,208.53228962818,247.9843444227006
103,662.8946168164796,719.9716457568713,185.25000621004332,226.30541299172867
104,441.34110787172017,564.1399416909621,156.38483965014578,210.96209912536443
104,666.9188362143761,724.7230320699709,183.67346938775512,224.03628868939484
105,435.0437317784257,560.991253644315,158.48396501457728,214.11078717201167
105,666.4579256360078,723.6734693877552,185.7725947521866,225.65597667638485
106,420.3498542274053,547.3469387755102,163.731778425656,221.45772594752188
106,652.3089021759055,713.343653256692,188.8262611561832,233.64865648113576
107,403.5568513119534,531.6034985422741,171.0787172011662,228.8046647230321
107,639.9112183626207,700.9459694434073,195.5019370556442,239.37066439495948
108,382.5655976676385,511.661807580175,174.2274052478134,230.9037900874636
108,624.187866927593,686.183953033268,198.66927592954988,245.16634050880623
109,358.4256559766764,490.6705539358601,174.2274052478134,230.9037900874636
109,601.6438356164383,664.8979591836735,199.41690962099128,242.348336594912
110,337.4344023323615,473.8775510204082,172.12827988338194,230.9037900874636
110,584.7358121330724,652.3679060665362,193.03326810176125,242.348336594912
111,322.74052478134115,460.23323615160353,170.02915451895043,233.00291545189503
111,573.4637964774951,641.0958904109589,194.4422700587084,240.9393346379648
112,312.2448979591837,451.8367346938776,170.02915451895043,233.00291545189503
112,566.4187866927592,635.4598825831703,194.4422700587084,240.9393346379648
113,325.8892128279884,464.4314868804665,176.3265306122449,241.399416909621
113,581.7851546380282,646.7318982387475,196.26487144415407,245.16634050880623
114,358.4256559766764,496.96793002915456,178.42565597667638,242.44897959183675
114,614.3248532289628,684.7749510763209,195.8512720156556,247.9843444227006
115,415.10204081632656,551.5451895043732,176.3265306122449,241.399416909621
115,670.6849315068492,742.5440313111545,195.8512720156556,246.5753424657534
116,491.7201166180759,628.1632653061225,175.27696793002917,241.399416909621
116,750.9980430528375,824.26614481409,193.03326810176125,245.16634050880623
117,596.6763848396502,734.1690962099126,172.12827988338194,239.3002915451895
117,862.3091976516633,939.8043052837572,184.57925636007823,238.12133072407045
118,725.7725947521866,867.463556851312,168.9795918367347,239.3002915451895
118,1007.436399217221,1093.385518590998,183.1702544031311,239.5303326810176
119,866.4139941690962,1018.600583090379,160.58309037900875,233.00291545189503
119,1177.9256360078275,1276.555772994129,178.94324853228963,238.12133072407045
120,1015.4518950437318,1183.3819241982508,154.2857142857143,228.8046647230321
121,1186.530612244898,1278.8921282798835,149.03790087463557,221.45772594752188
160,0.0,98.63013698630137,256.43835616438355,298.7084148727984
161,169.0802348336595,281.8003913894325,243.7573385518591,293.0724070450097
162,366.3405088062622,467.78864970645793,234.0524781341108,273.3463796477495
162,5.772594752186589,76.0932944606414,123.84839650145771,143.79008746355686
163,548.0096205979776,646.745836722958,226.76260162674933,259.83214769731694
163,221.98250728862976,267.1137026239067,122.798833819242,138.54227405247815
164,711.6428571428571,808.0714285714286,216.0,245.57142857142856
164,0.0,53.00291545189505,251.8476963648617,297.0
164,40.40816326530612,70.8454810495627,247.69679300291543,273.93586005830906
164,61.399416909621,85.5393586005831,244.54810495626825,267.6384839650146
164,70.8454810495627,91.83673469387756,238.25072886297377,259.24198250728864
164,97.08454810495628,119.12536443148689,241.399416909621,259.24198250728864
164,122.43313731514822,152.97699911714923,235.7841000712746,256.14667460594194
165,859.5,964.0233236151604,215.1603498542274,244.28571428571428
165,133.07142857142856,189.6428571428572,245.597667638484,286.7142857142857
165,168.45481049562684,203.0903790087464,239.3002915451895,269.73760932944606
165,193.64431486880468,215.6851311953353,236.1516034985423,257.1428571428572
165,198.8921282798834,223.0320699708455,230.9037900874636,251.89504373177843
165,229.32944606414,247.1720116618076,234.0524781341108,251.89504373177843
165,252.0131570812132,280.705875743699,228.37952751321373,246.89095890836583
166,999.6428571428572,1102.5,208.86297376093296,239.1428571428572
166,236.67638483965013,292.5,232.7142857142857,275.1428571428571
166,276.5597667638484,298.600583090379,235.1020408163265,266.5889212827988
166,291.25364431486884,312.2448979591837,230.9037900874636,248.7463556851312
166,296.50145772594755,320.6413994169096,223.55685131195327,243.49854227405248
166,324.8396501457726,345.83090379008746,226.7055393586006,243.49854227405248
166,347.34702876624664,371.4118895799445,221.90052652491048,240.4119579200626
167,1128.2142857142858,1240.0714285714284,205.7142857142857,235.28571428571428
167,313.68826558367,374.6307147708588,239.9904200549764,280.14629742638
167,360.4580521691869,382.5655976676385,236.21104336119723,255.04373177842567
167,371.0204081632653,390.9620991253644,227.75510204081635,248.7463556851312
167,397.2594752186589,415.10204081632656,233.00291545189503,247.69679300291543
167,417.1487025758743,436.04558604477006,225.6028128039409,245.1870630089227
168,1245.2142857142858,1279.2857142857142,203.1428571428572,235.28571428571428
168,359.35714285714283,431.7937872642685,231.42857142857144,272.11512195209923
168,361.5743440233237,373.1195335276968,235.1020408163265,261.3411078717201
168,406.7055393586006,427.69679300291546,226.7055393586006,246.6472303206997
168,414.0524781341108,438.1924198250729,220.4081632653061,241.399416909621
168,443.4402332361517,460.23323615160353,225.65597667638485,241.399416909621
168,463.9690465557051,483.4060495206149,220.97495495515287,235.7841000712746
169,387.6428571428571,470.0599762887825,226.28571428571428,269.75301151848726
169,384.66472303207,407.7551020408163,230.9037900874636,258.1924198250729
169,440.2915451895044,462.332361516035,216.2099125364432,236.1516034985423
169,403.5568513119534,430.8454810495627,220.4081632653061,233.00291545189503
169,469.6793002915452,485.4227405247814,219.3586005830904,236.1516034985423
169,488.03390736940287,510.2476250435855,219.12381181563765,231.15624222248653
170,395.3571428571428,485.6499051506215,228.8571428571429,272.5875440388216
170,440.2915451895044,460.23323615160353,217.2594752186589,236.1516034985423
170,380.466472303207,411.9533527696793,229.85422740524783,263.44023323615164
170,396.2099125364432,426.64723032069975,222.5072886297376,233.00291545189503
170,468.6297376093295,485.4227405247814,223.55685131195327,238.25072886297377
170,488.03390736940287,511.1731966133431,219.12381181563765,233.93295693175932
171,390.2142857142857,486.6428571428571,223.7142857142857,272.57142857142856
171,422.4489795918368,449.7376093294461,212.0116618075802,226.7055393586006
171,360.5247813411079,403.5568513119534,226.7055393586006,264.4897959183673
171,377.3177842565598,410.9037900874636,217.2594752186589,230.9037900874636
171,456.0349854227405,472.8279883381924,217.2594752186589,230.9037900874636
171,475.0759053927964,496.3640514972213,213.57038239709203,228.37952751321373
172,382.5,489.6209912536443,221.1428571428572,272.57142857142856
172,384.66472303207,405.65597667638485,218.30903790087464,236.1516034985423
172,396.2099125364432,424.5481049562682,212.0116618075802,224.60641399416912
172,332.1865889212828,378.36734693877554,226.7055393586006,266.5889212827988
172,350.02915451895046,382.5655976676385,217.2594752186589,230.9037900874636
172,451.9366161488562,473.2247622532812,213.57038239709203,229.3050990829713
173,370.9285714285714,489.2142857142857,223.7142857142857,277.7142857142857
173,356.32653061224494,381.5160349854228,221.45772594752188,241.399416909621
173,366.8221574344024,393.061224489796,215.1603498542274,231.95335276967933
173,298.600583090379,348.9795918367347,228.8046647230321,267.6384839650146
173,314.3440233236152,347.930029154519,221.45772594752188,230.9037900874636
173,420.4671827770976,441.7553288815225,215.42152553660725,229.3050990829713
174,352.92857142857144,479.5084180232304,225.34533536658216,280.2857142857143
174,318.4124864508939,343.4508570471808,224.8729132798597,244.54810495626825
174,329.0379008746356,356.32653061224494,216.2099125364432,235.1020408163265
174,254.5189504373178,316.4431486880467,230.9037900874636,272.8862973760933
174,268.16326530612247,306.99708454810497,221.45772594752188,230.9037900874636
174,388.3309552858082,402.50361788748006,215.8968936321343,227.45395594345607
175,327.38850609861936,470.5323983755049,223.45564701969252,281.0911415998247
175,270.2254336052096,299.04318089527567,223.45564701969252,246.1319071823675
175,276.5597667638484,310.1457725947522,214.11078717201167,238.25072886297377
175,199.9416909620992,261.24941395748414,228.8046647230321,268.33574525832006
175,212.53644314868805,253.46938775510205,221.45772594752188,230.9037900874636
175,321.71944105795063,336.83694783306726,219.6762703259134,233.3765108408629
175,265.01457725947523,276.5597667638484,218.30903790087464,243.49854227405248
176,307.5467784562788,462.0288008145018,222.03838075952532,281.0911415998247
176,216.84173780557904,248.2215743440233,221.45772594752188,246.1319071823675
176,226.1807580174928,257.66763848396505,210.96209912536443,237.20116618075804
176,141.25420392999595,208.8105623312984,227.7074458001941,269.75301151848726
176,152.7113702623907,192.5947521865889,218.30903790087464,230.9037900874636
176,274.9496544724336,290.5395833342726,219.6762703259134,232.90408875414047
176,211.48688046647231,225.13119533527697,221.45772594752188,240.34985422740527
176,299.04318089527567,314.0264522549728,215.42447154541188,231.15624222248653
177,285.81536246704866,456.35973577383305,220.6211144993582,282.0359857732695
177,161.10787172011663,195.1103218163489,219.6762703259134,251.89504373177843
177,167.40524781341108,202.04081632653063,208.86297376093296,237.20116618075804
177,76.5323780490279,157.31655487855735,226.2901795400269,272.5875440388216
177,80.29154518950438,126.4723032069971,218.30903790087464,236.1516034985423
177,221.98250728862976,239.517997968254,216.2099125364432,231.95924458069567
177,153.0647560980558,171.60349854227405,218.30903790087464,241.88010840186595
177,247.38529923242515,262.1944443485468,216.34709710636483,231.15624222248653
177,263.12001591830443,281.0911415998247,214.00720528524468,231.15624222248653
178,262.1942581309289,446.43887195266274,214.9520494586895,284.8705182936039
178,92.8862973760933,129.44365176193608,219.6762703259134,249.79591836734696
178,100.2332361516035,136.96793002915453,208.86297376093296,237.20116618075804
178,0.0,94.98542274052478,226.7055393586006,277.0845481049563
178,3.673469387755102,47.75510204081633,218.30903790087464,235.1020408163265
178,162.15743440233237,178.5755487810651,216.36931571885663,231.95335276967933
178,79.24198250728864,102.332361516035,218.30903790087464,243.49854227405248
178,188.023990515513,203.8834354538176,212.6448108273344,231.0144004072509
178,203.8834354538176,229.7994394070306,208.0169529785464,232.08181379224416
179,232.90408875414047,426.59714431032216,205.976029810964,279.2014532529351
179,2.6239067055393592,41.10072154484832,210.2278285914656,239.517997968254
179,12.06997084548105,50.90379008746356,198.3673469387755,229.85422740524783
179,0.0,16.062350948561413,226.7055393586006,271.6426998653768
179,132.6144245824819,151.1750677511662,205.0311856375192,221.90052652491048
179,82.39067055393586,101.5707486453148,208.8105623312984,224.60641399416912
179,0.0,14.169096209912537,208.86297376093296,235.1020408163265
179,111.4916124664851,128.4988075884913,205.0311856375192,221.90052652491048
180,196.07142857142856,404.2593273305753,207.8719836557788,286.7142857142857
180,0.0,16.07849597337515,209.9125364431487,227.9701036224977
180,27.09926563011472,44.21586392678167,208.0169529785464,224.52471162820305
180,50.2385548740549,71.77899988113907,209.020447653877,226.5283843736985
181,171.64285714285714,387.606599358151,225.0,306.63988749222614
182,140.78571428571428,373.5,230.1428571428572,315.0
182,1246.7218868603989,1279.7581363724366,211.6450948516327,246.30695460705675
183,125.35714285714286,367.07142857142856,225.0,312.42857142857144
186,822.5607779578605,871.3128038897893,375.49432739059966,404.5380875202593
186,698.0875202593193,825.6726094003242,334.0032414910859,436.6936790923824
186,34.23014586709886,226.12641815235,363.0470016207456,462.6256077795787
186,192.93354943273903,251.02106969205835,363.0470016207455,410.7617504051864
186,380.6807131280388,432.5445705024311,358.3792544570502,406.0940032414911
187,415.10204081632656,733.1195335276968,266.5889212827988,446.064139941691
187,1097.4392220421394,1280.0,314.29497568881686,450.17828200972446
187,853.6790923824959,1170.0486223662883,331.9286871961102,449.1410048622366
187,825.6726094003241,882.7228525121556,370.30794165316047,403.50081037277147
187,701.1993517017828,825.6726094003242,328.8168557536467,441.8800648298217
187,11.41004862236629,216.79092382495944,357.8606158833063,460.55105348460296
187,173.22528363047002,244.79740680713127,357.8606158833063,411.7990275526742
187,371.3452188006482,423.2090761750405,357.3419773095624,405.0567260940032
188,415.10204081632656,743.6151603498542,264.4897959183673,446.064139941691
188,1149.3030794165315,1280.0,358.89789303079414,450.17828200972446
188,860.9400324149108,1217.7633711507292,328.8168557536467,449.1410048622366
188,831.8962722852511,883.7601296596434,368.2333873581848,401.42625607779576
188,707.4230145867099,831.8962722852513,322.5931928687196,434.6191247974068
188,0.0,212.6418152350081,354.7487844408428,460.55105348460296
188,151.4424635332253,243.7601296596434,357.8606158833063,409.72447325769855
188,364.0842787682332,415.9481361426255,357.3419773095624,405.0567260940032
189,404.6064139941692,749.9125364431487,260.2915451895044,446.064139941691
189,1191.8314424635332,1280.0,381.71799027552674,450.17828200972446
189,870.2755267423014,1245.7698541329012,328.8168557536467,449.1410048622366
189,839.1572123176661,891.0210696920584,371.3452188006483,404.5380875202593
189,717.7957860615883,842.2690437601296,326.74230145867097,438.7682333873582
189,0.0,203.3063209076175,357.8606158833063,460.55105348460296
189,154.5542949756888,244.79740680713127,359.935170178282,414.91085899513774
189,360.9724473257697,412.836304700162,357.3419773095624,405.0567260940032
190,394.11078717201167,761.3793103448276,255.17241379310343,446.064139941691
190,1239.546191247974,1280.0,406.612641815235,450.17828200972446
190,874.4246353322528,1280.0,326.74230145867097,449.1410048622366
190,838.1199351701782,889.9837925445705,369.27066450567264,402.4635332252837
190,724.0194489465154,848.4927066450567,326.74230145867097,438.7682333873582
190,0.0,195.0081037277148,358.89789303079414,460.55105348460296
190,151.44246353322526,236.4991896272285,359.935170178282,414.91085899513774
190,358.897893030794,410.7617504051863,356.30470016207454,404.0194489465154
191,387.8134110787172,770.9037900874636,255.04373177842567,446.064139941691
191,891.0210696920583,1280.0,325.70502431118314,449.1410048622366
191,846.418152350081,895.1701782820097,367.1961102106969,404.5380875202593
191,730.2431118314424,851.7201166180758,334.81049562682216,436.69367909238247
191,0.0,183.5980551053485,357.8606158833063,460.55105348460296
191,151.44246353322526,236.4991896272285,359.935170178282,418.0226904376013
191,358.897893030794,397.2771474878444,356.30470016207454,405.0567260940032
192,373.1195335276968,770.9037900874636,242.44897959183675,446.064139941691
192,887.9092382495948,1280.0,324.6677471636953,449.1410048622366
192,851.6045380875202,900.3565640194489,365.1215559157213,402.4635332252837
192,735.4294975688816,851.6045380875203,326.74230145867097,436.69367909238247
192,0.0,175.2998379254457,356.8233387358185,446.0291734197731
192,151.44246353322526,234.4246353322528,357.8606158833063,418.0226904376013
192,356.8233387358183,386.90437601296594,357.3419773095624,395.7212317666126
193,364.7230320699709,777.201166180758,242.44897959183675,462.8571428571429
193,908.6547811993516,1280.0,324.6677471636953,453.290113452188
193,746.8395461912479,847.4554294975688,323.6304700162074,373.419773095624
193,0.0,170.11345218800648,354.7487844408428,476.11021069692055
193,143.14424635332253,234.4246353322528,357.8606158833063,418.0226904376013
194,354.2274052478134,788.7463556851312,238.25072886297377,467.0553935860058
194,919.0275526742302,1280.0,324.6677471636953,453.290113452188
194,853.6790923824959,960.5186385737438,354.7487844408428,409.72447325769855
194,750.9886547811992,856.7909238249595,324.66774716369525,440.8427876823338
194,0.0,171.15072933549433,354.7487844408428,476.11021069692055
194,141.06969205834685,232.3500810372772,358.89789303079414,419.0599675850891
195,354.2274052478134,795.0437317784257,238.25072886297377,467.0553935860058
195,919.0275526742302,1280.0,321.55591572123177,453.290113452188
195,853.6790923824959,968.8168557536468,354.7487844408428,409.72447325769855
195,750.9886547811992,856.7909238249595,324.66774716369525,447.0664505672609
195,0.0,169.07617504051862,354.7487844408428,476.11021069692055
196,347.930029154519,800.2915451895044,236.1516034985423,467.0553935860058
196,919.0275526742302,1280.0,319.48136142625606,453.290113452188
196,853.6790923824959,969.8541329011344,354.7487844408428,409.72447325769855
196,754.1004862236629,856.7909238249595,324.66774716369525,447.0664505672609
196,0.0,159.74068071312803,356.8233387358185,476.11021069692055
197,347.930029154519,795.8620689655172,242.7586206896552,467.0553935860058
197,919.0275526742302,1280.0,320.5186385737439,453.290113452188
197,853.6790923824959,974.003241491086,354.7487844408428,409.72447325769855
197,754.1004862236629,856.7909238249595,322.5931928687196,447.0664505672609
197,0.0,169.07617504051862,356.8233387358185,476.11021069692055
197,133.8087520259319,232.3500810372772,364.0842787682334,418.0226904376013
198,343.731778425656,794.4827586206897,244.1379310344828,467.0553935860058
198,919.0275526742302,1280.0,334.0032414910859,453.290113452188
198,757.2123176661264,854.7163695299838,325.70502431118314,454.3273905996758
198,0.0,169.07617504051862,360.97244732576985,476.11021069692055
198,133.8087520259319,234.4246353322528,364.0842787682334,418.0226904376013
199,346.2068965517241,790.344827586207,240.0,443.9650145772595
199,919.0275526742302,1280.0,326.74230145867097,453.290113452188
199,851.6045380875203,972.965964343598,357.8606158833063,412.836304700162
199,754.1004862236629,858.8654781199351,326.74230145867097,442.9173419773096
199,0.0,169.07617504051862,360.97244732576985,461.58833063209073
199,133.8087520259319,236.4991896272285,364.0842787682334,418.0226904376013
200,350.02915451895046,791.7241379310345,244.1379310344828,443.9650145772595
200,918.5089141004862,1280.0,328.29821717990274,453.290113452188
200,851.6045380875203,967.7795786061588,357.8606158833063,414.91085899513774
200,753.063209076175,858.8654781199351,326.74230145867097,440.8427876823338
200,0.0,175.2998379254457,360.97244732576985,467.8119935170178
200,133.8087520259319,236.4991896272285,364.0842787682334,419.0599675850891
201,350.02915451895046,794.4827586206897,244.1379310344828,443.9650145772595
201,917.9902755267424,1280.0,329.8541329011345,453.290113452188
201,851.6045380875203,967.7795786061588,357.8606158833063,414.91085899513774
201,753.063209076175,858.8654781199351,326.74230145867097,440.8427876823338
201,0.0,174.26256077795784,360.97244732576985,467.8119935170178
201,133.8087520259319,236.4991896272285,364.0842787682334,421.1345218800648
